{"XqStexa3ucYeWEdbgE9USg==":"background1.jpg","cdd02VDfBj6pIROJd65Rqw==":"7gc4b5ujcrstfghqzikwkrebes77sxlqz7g3ehio-756x756.png","OIuUka5dhF4OEHDeSZF8zg==":"3.png","oXIrAdZ+vJ/UbB16mLiHdQ==":"maestria-3-editado.png","RPF4MD36btHejDjKYIVOgg==":"logo%20claudia%20cury%20(dourado)-260x146.png","yxoV1MOWjosQTZznzxGi4w==":"design%20sem%20nome%20(10)-600x600.png","dkGEwWZAx+vI0mXzLriq4w==":"design%20sem%20nome%20(11)-600x600.png","2bbNIE1Rx39vC9EvYyQs7Q==":"colabora%C3%A7%C3%A3o-600x600.png","zpXXtttMBtVi9drO0dzNfg==":"comunica%C3%A7%C3%A3o-600x600.png","cTnkmqRBDPw5aetlQr3XHA==":"inova%C3%A7%C3%A3o-600x600.png","ujLcvhu8tAePcWitr+9IKQ==":"lideran%C3%A7a-600x600.png","8c/o6+8CVcjANRsgdUZrGA==":"prop%C3%B3sito-600x600.png","i7SDvHEuHOgzkiWjZpbl7w==":"resili%C3%AAncia-600x600.png","azGgwNAAcjURqm22ro46GA==":"resultado-600x600.png","ROKn4Qgz7xAJT461Gt9Egw==":"transforma%C3%A7%C3%A3o%20pessoal-1080x1080.png","O6zh3tk9MRoYvJ60Z/cEcg==":"temp%20logo%20(1080%20x%20400%20px)-284x105.png","jvM088VXRWRvnXwdGRgeAw==":"1-1080x1080.png","nA/S3R1Rlfip4EGM/w9kcA==":"2-1080x1080.png","x+QCW2Ae2E2g7Uv2DAfegA==":"8.jpg","43oRTVK3muWkUt2RnJuA4w==":"imagem%201-1080x1080.png","zvfN1cFkaKySpPLRZlaniw==":"imagem%201%20(1)-1080x1080.png","dJZ6v81kGJOuEYiEDkHjLw==":"imagem%201%20(2)-1080x1080.png","SfhCPuTR7mNaUJpuxnlFEg==":"background%20lp-1920x1080.png","xqCrFz6+Qc19k45YXbl0cA==":"background%20lp%20(1)-1920x1080.png","71eY60dySMS1N2DLKgEngw==":"background%20lp-1920x1080.png","W3h8xhO9A8tNsx04vStJDQ==":"design%20sem%20nome-1080x1080.png","amg/sSwYkC4CoIJux83Wdw==":"claudia%20cury-1080x1080.png","OMwJwRdZwZRgS1lJPKyE1w==":"transforma%C3%A7%C3%A3o%20pessoal-1080x1080.png","loN7dovgNoPsWtpNmzTXqg==":"quem%20%C3%A9%20claudia%20cury-1080x852.png","/+9pvf6xU95ZYGAMIrfbhg==":"prop%C3%B3sito-600x600.png","T5aqGUwaK6fSunuX6wbUWg==":"lideran%C3%A7a-600x600.png","1wu6UzVCr99TI6HD+mvqAA==":"colabora%C3%A7%C3%A3o-600x600.png","KLeTgVxQmwgh6ErMUNl0mg==":"inova%C3%A7%C3%A3o-600x600.png","iDzIWlxuiwopExGFiwTl/Q==":"resili%C3%AAncia-600x600.png","6FbNW97ODcITEqR9O3fVYw==":"comunica%C3%A7%C3%A3o-600x600.png","/YRqAdTBBlVSh1VzGUq02Q==":"resultado-1-600x600.png","FpKkiq37hQndZjKJCXYJhA==":"empreendedorismo%20360%20graus%20(1)-1080x1080.png","NZw1t8fQ6YK7Q773u4LGqQ==":"empreendedorismo%20360%20graus-1080x1080.png","jSMah7gWtNmgJ8MMXgpDug==":"empreendedorismo%20360%20graus%20(3)-1080x1080.png","grdgTbG1IiApQhCNB8sIqQ==":"quem%20%C3%A9%20claudia%20cury%20(1)-1080x852.png","O5HnzCMb5toWbSd+Y1aPFw==":"claudia%20cury-1080x1080.png","2AvRmT5CeTXa+kruYUfyAg==":"design%20sem%20nome-1080x1080.png","S2qfRTwjJ1RpwFMuPyyIBA==":"design%20sem%20nome%20(1)-1080x1080.png","eEvmozbW0shdMm0Y/+p93A==":"design%20sem%20nome%20(2)-1080x1080.png","PFMWn8Sm/Ai8NUtEDeqfdA==":"design%20sem%20nome%20(3)-1080x1080.png","VcCQqODLYPRAV9Wdu6auHQ==":"design%20sem%20nome%20(4)-1036x1036.png","yQ3mEP1gtPEso75eeiikUw==":"design%20sem%20nome%20(5)-1036x1036.png","fOo0Z057ZCEns2gETWvdRA==":"design%20sem%20nome%20(6)-1036x1036.png","BvBiGD5xH3K6PqmxMWSbug==":"evento%20(2)-600x600.png","x43jMxbuhn/gyVk207UfDw==":"evento-600x600.png","qsYztX0+vPrrcN4OIbgr0A==":"livro-600x600.png","74T4Sb3b1eYFS8Li1GaGwQ==":"mentoria-600x600.png","wOjwVDfzEuo0k2ZJxPoMvg==":"mentoria-596x596.png","id59vMkU6+WJ5PPhTFPw2w==":"livro-596x596.png","vdqhkXLX+Xr9P6srpWuTtw==":"evento-596x596.png","Ca0Iw+E2NvqrytIZvm+O3w==":"evento%20(2)-1080x1080.png","AO1u6qhoK5X8HHFqPffLDg==":"design%20sem%20nome%20(9)-612x1080.png","aBAy6DJ5Gr+YItzLayGMNA==":"design%20sem%20nome%20(10)-459x810.png","KgKl1BVyXEKh08WHsvc6qA==":"design%20sem%20nome%20(11)-1080x1080.png","QOJ3bhPjXfa8swxnLscmwg==":"evento%20parte%206-596x596.png","osrDePNG8RF86XCPkOhpSg==":"palestras%20parte%206-596x596.png","2WjJd0bndSKhdGtvbqSZEg==":"mentoria%20parte%206-596x596.png","lRCs4uMeNdhFomHDL75poQ==":"parte%209-1080x1080.png","JxOBek9S4/efPbUGx6zxOA==":"empreendedorismo-360-graus-1-596x596.png"}